date,marketmove
3/01/2005,2
4/01/2005,2
5/01/2005,9
6/01/2005,1
7/01/2005,0
10/01/2005,13
11/01/2005,3
12/01/2005,5
13/01/2005,2
14/01/2005,1
17/01/2005,0
18/01/2005,13
19/01/2005,3
20/01/2005,9
21/01/2005,2
24/01/2005,0
25/01/2005,1
26/01/2005,1
27/01/2005,0
28/01/2005,12
31/01/2005,11
1/02/2005,7
2/02/2005,0
3/02/2005,5
4/02/2005,13
7/02/2005,9
8/02/2005,1
9/02/2005,2
10/02/2005,5
11/02/2005,13
14/02/2005,5
15/02/2005,1
16/02/2005,0
17/02/2005,2
18/02/2005,5
21/02/2005,0
22/02/2005,3
23/02/2005,1
24/02/2005,13
25/02/2005,1
28/02/2005,3
1/03/2005,1
2/03/2005,0
3/03/2005,1
4/03/2005,1
7/03/2005,11
8/03/2005,3
9/03/2005,3
10/03/2005,5
11/03/2005,3
14/03/2005,1
15/03/2005,2
16/03/2005,3
17/03/2005,5
18/03/2005,3
21/03/2005,0
22/03/2005,6
23/03/2005,0
24/03/2005,1
25/03/2005,0
28/03/2005,1
29/03/2005,6
30/03/2005,1
31/03/2005,5
1/04/2005,2
4/04/2005,0
5/04/2005,1
6/04/2005,1
7/04/2005,13
8/04/2005,3
11/04/2005,5
12/04/2005,0
13/04/2005,3
14/04/2005,2
15/04/2005,3
18/04/2005,0
19/04/2005,1
20/04/2005,2
21/04/2005,7
22/04/2005,9
25/04/2005,1
26/04/2005,3
27/04/2005,13
28/04/2005,3
29/04/2005,7
2/05/2005,1
3/05/2005,0
4/05/2005,7
5/05/2005,2
6/05/2005,2
9/05/2005,7
10/05/2005,3
11/05/2005,7
12/05/2005,2
13/05/2005,0
16/05/2005,13
17/05/2005,13
18/05/2005,1
19/05/2005,10
20/05/2005,12
23/05/2005,1
24/05/2005,10
25/05/2005,0
26/05/2005,1
27/05/2005,5
30/05/2005,0
31/05/2005,3
1/06/2005,1
2/06/2005,0
3/06/2005,3
6/06/2005,10
7/06/2005,1
8/06/2005,0
9/06/2005,13
10/06/2005,0
13/06/2005,13
14/06/2005,0
15/06/2005,12
16/06/2005,1
17/06/2005,5
20/06/2005,4
21/06/2005,11
22/06/2005,12
23/06/2005,3
24/06/2005,2
27/06/2005,11
28/06/2005,1
29/06/2005,0
30/06/2005,2
1/07/2005,1
4/07/2005,0
5/07/2005,13
6/07/2005,3
7/07/2005,13
8/07/2005,1
11/07/2005,1
12/07/2005,4
13/07/2005,0
14/07/2005,1
15/07/2005,0
18/07/2005,9
19/07/2005,1
20/07/2005,13
21/07/2005,2
22/07/2005,1
25/07/2005,11
26/07/2005,1
27/07/2005,7
28/07/2005,7
29/07/2005,3
1/08/2005,5
2/08/2005,1
3/08/2005,0
4/08/2005,3
5/08/2005,3
8/08/2005,2
9/08/2005,1
10/08/2005,2
11/08/2005,10
12/08/2005,3
15/08/2005,7
16/08/2005,3
17/08/2005,11
18/08/2005,5
19/08/2005,2
22/08/2005,1
23/08/2005,0
24/08/2005,6
25/08/2005,1
26/08/2005,3
29/08/2005,13
30/08/2005,3
31/08/2005,7
1/09/2005,9
2/09/2005,2
5/09/2005,0
6/09/2005,1
7/09/2005,10
8/09/2005,9
9/09/2005,1
12/09/2005,5
13/09/2005,3
14/09/2005,0
15/09/2005,0
16/09/2005,7
19/09/2005,3
20/09/2005,2
21/09/2005,3
22/09/2005,1
23/09/2005,5
26/09/2005,2
27/09/2005,0
28/09/2005,1
29/09/2005,13
30/09/2005,0
3/10/2005,3
4/10/2005,2
5/10/2005,2
6/10/2005,0
7/10/2005,2
10/10/2005,2
11/10/2005,2
12/10/2005,3
13/10/2005,5
14/10/2005,7
17/10/2005,1
18/10/2005,3
19/10/2005,4
20/10/2005,3
21/10/2005,1
24/10/2005,1
25/10/2005,5
26/10/2005,11
27/10/2005,3
28/10/2005,1
31/10/2005,1
1/11/2005,9
2/11/2005,13
3/11/2005,1
4/11/2005,0
7/11/2005,5
8/11/2005,0
9/11/2005,0
10/11/2005,7
11/11/2005,0
14/11/2005,5
15/11/2005,3
16/11/2005,5
17/11/2005,1
18/11/2005,12
21/11/2005,7
22/11/2005,13
23/11/2005,13
24/11/2005,0
25/11/2005,11
28/11/2005,2
29/11/2005,2
30/11/2005,2
1/12/2005,1
2/12/2005,1
5/12/2005,5
6/12/2005,11
7/12/2005,3
8/12/2005,11
9/12/2005,5
12/12/2005,1
13/12/2005,13
14/12/2005,0
15/12/2005,2
16/12/2005,3
19/12/2005,2
20/12/2005,9
21/12/2005,1
22/12/2005,7
23/12/2005,5
26/12/2005,0
27/12/2005,2
28/12/2005,1
29/12/2005,6
30/12/2005,3
2/01/2006,0
3/01/2006,7
4/01/2006,1
5/01/2006,5
6/01/2006,7
9/01/2006,0
10/01/2006,0
11/01/2006,7
12/01/2006,6
13/01/2006,5
16/01/2006,0
17/01/2006,10
18/01/2006,10
19/01/2006,5
20/01/2006,3
23/01/2006,1
24/01/2006,1
25/01/2006,2
26/01/2006,10
27/01/2006,1
30/01/2006,11
31/01/2006,3
1/02/2006,1
2/02/2006,3
3/02/2006,9
6/02/2006,1
7/02/2006,3
8/02/2006,7
9/02/2006,6
10/02/2006,5
13/02/2006,5
14/02/2006,0
15/02/2006,0
16/02/2006,7
17/02/2006,3
20/02/2006,0
21/02/2006,0
22/02/2006,1
23/02/2006,11
24/02/2006,1
27/02/2006,1
28/02/2006,3
1/03/2006,1
2/03/2006,0
3/03/2006,0
6/03/2006,2
7/03/2006,5
8/03/2006,0
9/03/2006,2
10/03/2006,1
13/03/2006,1
14/03/2006,13
15/03/2006,0
16/03/2006,1
17/03/2006,9
20/03/2006,2
21/03/2006,3
22/03/2006,13
23/03/2006,3
24/03/2006,11
27/03/2006,5
28/03/2006,6
29/03/2006,1
30/03/2006,2
31/03/2006,1
3/04/2006,6
4/04/2006,1
5/04/2006,1
6/04/2006,10
7/04/2006,2
10/04/2006,11
11/04/2006,2
12/04/2006,1
13/04/2006,11
14/04/2006,0
17/04/2006,2
18/04/2006,1
19/04/2006,10
20/04/2006,1
21/04/2006,2
24/04/2006,5
25/04/2006,2
26/04/2006,1
27/04/2006,13
28/04/2006,0
1/05/2006,2
2/05/2006,7
3/05/2006,3
4/05/2006,1
5/05/2006,1
8/05/2006,5
9/05/2006,11
10/05/2006,5
11/05/2006,3
12/05/2006,3
15/05/2006,13
16/05/2006,0
17/05/2006,3
18/05/2006,2
19/05/2006,10
22/05/2006,5
23/05/2006,2
24/05/2006,1
25/05/2006,7
26/05/2006,7
29/05/2006,0
30/05/2006,3
31/05/2006,1
1/06/2006,13
2/06/2006,12
5/06/2006,3
6/06/2006,0
7/06/2006,6
8/06/2006,0
9/06/2006,2
12/06/2006,2
13/06/2006,6
14/06/2006,1
15/06/2006,1
16/06/2006,3
19/06/2006,2
20/06/2006,11
21/06/2006,13
22/06/2006,3
23/06/2006,11
26/06/2006,1
27/06/2006,2
28/06/2006,10
29/06/2006,1
30/06/2006,5
3/07/2006,1
4/07/2006,0
5/07/2006,12
6/07/2006,1
7/07/2006,3
10/07/2006,1
11/07/2006,0
12/07/2006,3
13/07/2006,3
14/07/2006,0
17/07/2006,5
18/07/2006,1
19/07/2006,1
20/07/2006,2
21/07/2006,0
24/07/2006,1
25/07/2006,10
26/07/2006,5
27/07/2006,2
28/07/2006,1
31/07/2006,0
1/08/2006,12
2/08/2006,1
3/08/2006,13
4/08/2006,2
7/08/2006,5
8/08/2006,9
9/08/2006,2
10/08/2006,13
11/08/2006,12
14/08/2006,0
15/08/2006,7
16/08/2006,7
17/08/2006,0
18/08/2006,7
21/08/2006,5
22/08/2006,11
23/08/2006,2
24/08/2006,0
25/08/2006,5
28/08/2006,13
29/08/2006,12
30/08/2006,5
31/08/2006,5
1/09/2006,7
4/09/2006,0
5/09/2006,5
6/09/2006,3
7/09/2006,11
8/09/2006,5
11/09/2006,4
12/09/2006,1
13/09/2006,0
14/09/2006,10
15/09/2006,0
18/09/2006,11
19/09/2006,12
20/09/2006,1
21/09/2006,2
22/09/2006,12
25/09/2006,7
26/09/2006,1
27/09/2006,1
28/09/2006,5
29/09/2006,9
2/10/2006,3
3/10/2006,4
4/10/2006,13
5/10/2006,5
6/10/2006,5
9/10/2006,5
10/10/2006,5
11/10/2006,0
12/10/2006,1
13/10/2006,0
16/10/2006,5
17/10/2006,0
18/10/2006,2
19/10/2006,0
20/10/2006,5
23/10/2006,13
24/10/2006,10
25/10/2006,10
26/10/2006,5
27/10/2006,3
30/10/2006,5
31/10/2006,12
1/11/2006,2
2/11/2006,10
3/11/2006,2
6/11/2006,1
7/11/2006,1
8/11/2006,13
9/11/2006,2
10/11/2006,0
13/11/2006,0
14/11/2006,7
15/11/2006,0
16/11/2006,5
17/11/2006,0
20/11/2006,11
21/11/2006,1
22/11/2006,1
23/11/2006,0
24/11/2006,11
27/11/2006,3
28/11/2006,13
29/11/2006,1
30/11/2006,5
1/12/2006,2
4/12/2006,13
5/12/2006,1
6/12/2006,11
7/12/2006,2
8/12/2006,0
11/12/2006,0
12/12/2006,5
13/12/2006,2
14/12/2006,1
15/12/2006,3
18/12/2006,2
19/12/2006,0
20/12/2006,1
21/12/2006,2
22/12/2006,3
25/12/2006,0
26/12/2006,1
27/12/2006,1
28/12/2006,5
29/12/2006,6
1/01/2007,0
2/01/2007,0
3/01/2007,6
4/01/2007,4
5/01/2007,3
8/01/2007,7
9/01/2007,0
10/01/2007,13
11/01/2007,0
12/01/2007,13
15/01/2007,0
16/01/2007,5
17/01/2007,1
18/01/2007,2
19/01/2007,1
22/01/2007,0
23/01/2007,0
24/01/2007,1
25/01/2007,3
26/01/2007,0
29/01/2007,11
30/01/2007,7
31/01/2007,13
1/02/2007,1
2/02/2007,5
5/02/2007,0
6/02/2007,12
7/02/2007,11
8/02/2007,0
9/02/2007,2
12/02/2007,2
13/02/2007,1
14/02/2007,1
15/02/2007,5
16/02/2007,10
19/02/2007,0
20/02/2007,4
21/02/2007,0
22/02/2007,0
23/02/2007,3
26/02/2007,2
27/02/2007,3
28/02/2007,1
1/03/2007,13
2/03/2007,3
5/03/2007,6
6/03/2007,1
7/03/2007,5
8/03/2007,1
9/03/2007,2
12/03/2007,0
13/03/2007,3
14/03/2007,10
15/03/2007,11
16/03/2007,2
19/03/2007,1
20/03/2007,13
21/03/2007,7
22/03/2007,9
23/03/2007,1
26/03/2007,12
27/03/2007,3
28/03/2007,3
29/03/2007,0
30/03/2007,5
2/04/2007,5
3/04/2007,1
4/04/2007,5
5/04/2007,0
6/04/2007,0
9/04/2007,11
10/04/2007,0
11/04/2007,2
12/04/2007,13
13/04/2007,7
16/04/2007,1
17/04/2007,1
18/04/2007,0
19/04/2007,13
20/04/2007,7
23/04/2007,5
24/04/2007,5
25/04/2007,7
26/04/2007,5
27/04/2007,0
30/04/2007,9
1/05/2007,5
2/05/2007,1
3/05/2007,7
4/05/2007,1
7/05/2007,5
8/05/2007,0
9/05/2007,10
10/05/2007,3
11/05/2007,1
14/05/2007,3
15/05/2007,1
16/05/2007,1
17/05/2007,5
18/05/2007,1
21/05/2007,11
22/05/2007,5
23/05/2007,6
24/05/2007,2
25/05/2007,1
28/05/2007,0
29/05/2007,1
30/05/2007,13
31/05/2007,2
1/06/2007,1
4/06/2007,0
5/06/2007,12
6/06/2007,3
7/06/2007,3
8/06/2007,1
11/06/2007,0
12/06/2007,3
13/06/2007,1
14/06/2007,1
15/06/2007,1
18/06/2007,0
19/06/2007,0
20/06/2007,2
21/06/2007,13
22/06/2007,3
25/06/2007,11
26/06/2007,2
27/06/2007,13
28/06/2007,11
29/06/2007,2
2/07/2007,0
3/07/2007,1
4/07/2007,0
5/07/2007,5
6/07/2007,7
9/07/2007,1
10/07/2007,3
11/07/2007,13
12/07/2007,1
13/07/2007,1
16/07/2007,11
17/07/2007,2
18/07/2007,1
19/07/2007,1
20/07/2007,2
23/07/2007,9
24/07/2007,3
25/07/2007,12
26/07/2007,3
27/07/2007,2
30/07/2007,1
31/07/2007,2
1/08/2007,1
2/08/2007,1
3/08/2007,3
6/08/2007,7
7/08/2007,13
8/08/2007,1
9/08/2007,6
10/08/2007,13
13/08/2007,2
14/08/2007,2
15/08/2007,6
16/08/2007,0
17/08/2007,2
20/08/2007,0
21/08/2007,1
22/08/2007,1
23/08/2007,3
24/08/2007,1
27/08/2007,3
28/08/2007,3
29/08/2007,7
30/08/2007,13
31/08/2007,5
3/09/2007,0
4/09/2007,13
5/09/2007,3
6/09/2007,5
7/09/2007,3
10/09/2007,2
11/09/2007,1
12/09/2007,0
13/09/2007,11
14/09/2007,13
17/09/2007,5
18/09/2007,7
19/09/2007,1
20/09/2007,2
21/09/2007,9
24/09/2007,2
25/09/2007,13
26/09/2007,11
27/09/2007,10
28/09/2007,3
1/10/2007,13
2/10/2007,0
3/10/2007,11
4/10/2007,5
5/10/2007,7
8/10/2007,12
9/10/2007,10
10/10/2007,0
11/10/2007,6
12/10/2007,1
15/10/2007,3
16/10/2007,11
17/10/2007,2
18/10/2007,0
19/10/2007,3
22/10/2007,13
23/10/2007,1
24/10/2007,0
25/10/2007,0
26/10/2007,7
29/10/2007,1
30/10/2007,3
31/10/2007,10
1/11/2007,3
2/11/2007,11
5/11/2007,0
6/11/2007,1
7/11/2007,3
8/11/2007,0
9/11/2007,3
12/11/2007,6
13/11/2007,1
14/11/2007,2
15/11/2007,3
16/11/2007,0
19/11/2007,3
20/11/2007,0
21/11/2007,3
22/11/2007,0
23/11/2007,1
26/11/2007,2
27/11/2007,1
28/11/2007,1
29/11/2007,13
30/11/2007,2
3/12/2007,3
4/12/2007,11
5/12/2007,1
6/12/2007,13
7/12/2007,2
10/12/2007,1
11/12/2007,2
12/12/2007,2
13/12/2007,0
14/12/2007,6
17/12/2007,3
18/12/2007,12
19/12/2007,5
20/12/2007,12
21/12/2007,1
24/12/2007,1
25/12/2007,0
26/12/2007,13
27/12/2007,3
28/12/2007,2
31/12/2007,3
1/01/2008,0
2/01/2008,2
3/01/2008,9
4/01/2008,3
7/01/2008,0
8/01/2008,2
9/01/2008,1
10/01/2008,13
11/01/2008,3
14/01/2008,5
15/01/2008,3
16/01/2008,3
17/01/2008,2
18/01/2008,2
21/01/2008,0
22/01/2008,13
23/01/2008,13
24/01/2008,1
25/01/2008,2
28/01/2008,13
29/01/2008,0
30/01/2008,3
31/01/2008,13
1/02/2008,1
4/02/2008,3
5/02/2008,3
6/02/2008,2
7/02/2008,13
8/02/2008,5
11/02/2008,7
12/02/2008,1
13/02/2008,7
14/02/2008,2
15/02/2008,10
18/02/2008,0
19/02/2008,2
20/02/2008,13
21/02/2008,2
22/02/2008,7
25/02/2008,13
26/02/2008,13
27/02/2008,0
28/02/2008,3
29/02/2008,3
3/03/2008,0
4/03/2008,0
5/03/2008,1
6/03/2008,3
7/03/2008,6
10/03/2008,2
11/03/2008,7
12/03/2008,2
13/03/2008,13
14/03/2008,2
17/03/2008,13
18/03/2008,1
19/03/2008,2
20/03/2008,13
21/03/2008,0
24/03/2008,1
25/03/2008,5
26/03/2008,3
27/03/2008,2
28/03/2008,2
31/03/2008,13
1/04/2008,1
2/04/2008,0
3/04/2008,13
4/04/2008,11
7/04/2008,2
8/04/2008,0
9/04/2008,3
10/04/2008,0
11/04/2008,3
14/04/2008,9
15/04/2008,0
16/04/2008,1
17/04/2008,10
18/04/2008,0
21/04/2008,10
22/04/2008,3
23/04/2008,0
24/04/2008,7
25/04/2008,12
28/04/2008,5
29/04/2008,3
30/04/2008,6
1/05/2008,1
2/05/2008,2
5/05/2008,5
6/05/2008,13
7/05/2008,3
8/05/2008,0
9/05/2008,10
12/05/2008,7
13/05/2008,0
14/05/2008,1
15/05/2008,1
16/05/2008,12
19/05/2008,1
20/05/2008,3
21/05/2008,3
22/05/2008,10
23/05/2008,3
26/05/2008,0
27/05/2008,1
28/05/2008,12
29/05/2008,13
30/05/2008,5
2/06/2008,3
3/06/2008,2
4/06/2008,11
5/06/2008,1
6/06/2008,3
9/06/2008,1
10/06/2008,11
11/06/2008,2
12/06/2008,1
13/06/2008,1
16/06/2008,0
17/06/2008,2
18/06/2008,3
19/06/2008,10
20/06/2008,3
23/06/2008,0
24/06/2008,11
25/06/2008,1
26/06/2008,3
27/06/2008,2
30/06/2008,11
1/07/2008,13
2/07/2008,2
3/07/2008,5
4/07/2008,0
7/07/2008,2
8/07/2008,13
9/07/2008,2
10/07/2008,13
11/07/2008,0
14/07/2008,2
15/07/2008,3
16/07/2008,1
17/07/2008,1
18/07/2008,0
21/07/2008,2
22/07/2008,13
23/07/2008,1
24/07/2008,2
25/07/2008,0
28/07/2008,2
29/07/2008,1
30/07/2008,1
31/07/2008,6
1/08/2008,2
4/08/2008,3
5/08/2008,1
6/08/2008,13
7/08/2008,3
8/08/2008,13
11/08/2008,1
12/08/2008,3
13/08/2008,12
14/08/2008,13
15/08/2008,0
18/08/2008,2
19/08/2008,3
20/08/2008,10
21/08/2008,13
22/08/2008,1
25/08/2008,3
26/08/2008,0
27/08/2008,1
28/08/2008,1
29/08/2008,3
1/09/2008,0
2/09/2008,2
3/09/2008,0
4/09/2008,3
5/09/2008,4
8/09/2008,2
9/09/2008,2
10/09/2008,5
11/09/2008,13
12/09/2008,13
15/09/2008,6
16/09/2008,13
17/09/2008,3
18/09/2008,1
19/09/2008,2
22/09/2008,2
23/09/2008,3
24/09/2008,0
25/09/2008,1
26/09/2008,13
29/09/2008,3
30/09/2008,1
1/10/2008,4
2/10/2008,3
3/10/2008,6
6/10/2008,3
7/10/2008,2
8/10/2008,0
9/10/2008,2
10/10/2008,0
13/10/2008,1
14/10/2008,2
15/10/2008,3
16/10/2008,7
17/10/2008,13
20/10/2008,1
21/10/2008,3
22/10/2008,3
23/10/2008,0
24/10/2008,13
27/10/2008,6
28/10/2008,7
29/10/2008,2
30/10/2008,7
31/10/2008,13
3/11/2008,0
4/11/2008,0
5/11/2008,3
6/11/2008,3
7/11/2008,1
10/11/2008,2
11/11/2008,3
12/11/2008,3
13/11/2008,7
14/11/2008,3
17/11/2008,3
18/11/2008,13
19/11/2008,3
20/11/2008,3
21/11/2008,7
24/11/2008,1
25/11/2008,2
26/11/2008,13
27/11/2008,0
28/11/2008,13
1/12/2008,3
2/12/2008,0
3/12/2008,13
4/12/2008,6
5/12/2008,4
8/12/2008,1
9/12/2008,6
10/12/2008,1
11/12/2008,6
12/12/2008,13
15/12/2008,2
16/12/2008,1
17/12/2008,4
18/12/2008,2
19/12/2008,3
22/12/2008,2
23/12/2008,2
24/12/2008,13
25/12/2008,0
26/12/2008,12
29/12/2008,0
30/12/2008,1
31/12/2008,1
1/01/2009,0
2/01/2009,7
5/01/2009,0
6/01/2009,12
7/01/2009,3
8/01/2009,10
9/01/2009,2
12/01/2009,3
13/01/2009,0
14/01/2009,3
15/01/2009,0
16/01/2009,2
19/01/2009,0
20/01/2009,3
21/01/2009,1
22/01/2009,0
23/01/2009,13
26/01/2009,1
27/01/2009,1
28/01/2009,7
29/01/2009,3
30/01/2009,2
2/02/2009,13
3/02/2009,7
4/02/2009,2
5/02/2009,13
6/02/2009,1
9/02/2009,11
10/02/2009,3
11/02/2009,1
12/02/2009,13
13/02/2009,3
16/02/2009,0
17/02/2009,3
18/02/2009,2
19/02/2009,2
20/02/2009,10
24/02/2009,1
25/02/2009,3
26/02/2009,2
27/02/2009,11
2/03/2009,3
3/03/2009,2
4/03/2009,7
5/03/2009,3
6/03/2009,1
9/03/2009,0
10/03/2009,1
11/03/2009,1
12/03/2009,1
13/03/2009,12
16/03/2009,2
17/03/2009,7
18/03/2009,4
19/03/2009,2
20/03/2009,3
23/03/2009,1
24/03/2009,6
25/03/2009,1
26/03/2009,10
27/03/2009,9
30/03/2009,3
31/03/2009,0
1/04/2009,13
2/04/2009,1
3/04/2009,7
6/04/2009,0
7/04/2009,9
8/04/2009,1
9/04/2009,1
10/04/2009,0
13/04/2009,13
14/04/2009,9
15/04/2009,13
16/04/2009,7
17/04/2009,7
20/04/2009,3
21/04/2009,13
22/04/2009,0
23/04/2009,7
24/04/2009,1
27/04/2009,11
28/04/2009,13
29/04/2009,1
30/04/2009,1
1/05/2009,4
4/05/2009,1
5/05/2009,0
6/05/2009,7
7/05/2009,2
8/05/2009,1
11/05/2009,3
12/05/2009,2
13/05/2009,3
14/05/2009,13
15/05/2009,3
18/05/2009,1
19/05/2009,0
20/05/2009,2
21/05/2009,3
22/05/2009,0
25/05/2009,0
26/05/2009,13
27/05/2009,2
28/05/2009,7
29/05/2009,7
1/06/2009,1
2/06/2009,13
3/06/2009,3
4/06/2009,7
5/06/2009,2
8/06/2009,0
9/06/2009,5
10/06/2009,2
11/06/2009,1
12/06/2009,13
15/06/2009,3
16/06/2009,2
17/06/2009,5
18/06/2009,1
19/06/2009,2
22/06/2009,3
23/06/2009,5
24/06/2009,1
25/06/2009,13
26/06/2009,0
29/06/2009,0
30/06/2009,2
1/07/2009,1
2/07/2009,3
3/07/2009,0
6/07/2009,13
7/07/2009,3
8/07/2009,2
9/07/2009,0
10/07/2009,0
13/07/2009,7
14/07/2009,7
15/07/2009,1
16/07/2009,13
17/07/2009,0
20/07/2009,1
21/07/2009,0
22/07/2009,13
23/07/2009,1
24/07/2009,13
27/07/2009,13
28/07/2009,10
29/07/2009,0
30/07/2009,1
31/07/2009,0
3/08/2009,7
4/08/2009,13
5/08/2009,0
6/08/2009,2
7/08/2009,0
10/08/2009,0
11/08/2009,3
12/08/2009,13
13/08/2009,0
14/08/2009,3
17/08/2009,3
18/08/2009,1
19/08/2009,13
20/08/2009,1
21/08/2009,1
24/08/2009,2
25/08/2009,1
26/08/2009,0
27/08/2009,0
28/08/2009,2
31/08/2009,0
1/09/2009,3
2/09/2009,11
3/09/2009,7
4/09/2009,1
7/09/2009,0
8/09/2009,12
9/09/2009,1
10/09/2009,7
11/09/2009,5
14/09/2009,13
15/09/2009,7
16/09/2009,7
17/09/2009,5
18/09/2009,3
21/09/2009,13
22/09/2009,11
23/09/2009,2
24/09/2009,2
25/09/2009,3
28/09/2009,1
29/09/2009,0
30/09/2009,2
1/10/2009,3
2/10/2009,13
5/10/2009,1
6/10/2009,1
7/10/2009,10
8/10/2009,11
9/10/2009,0
12/10/2009,1
13/10/2009,11
14/10/2009,7
15/10/2009,13
16/10/2009,0
19/10/2009,7
20/10/2009,2
21/10/2009,6
22/10/2009,7
23/10/2009,2
26/10/2009,2
27/10/2009,2
28/10/2009,3
29/10/2009,1
30/10/2009,3
2/11/2009,1
3/11/2009,13
4/11/2009,1
5/11/2009,1
6/11/2009,13
9/11/2009,1
10/11/2009,10
11/11/2009,1
12/11/2009,3
13/11/2009,0
16/11/2009,1
17/11/2009,10
18/11/2009,0
19/11/2009,3
20/11/2009,5
23/11/2009,1
24/11/2009,0
25/11/2009,5
26/11/2009,0
27/11/2009,13
30/11/2009,10
1/12/2009,1
2/12/2009,1
3/12/2009,2
4/12/2009,1
7/12/2009,5
8/12/2009,3
9/12/2009,0
10/12/2009,1
11/12/2009,10
14/12/2009,5
15/12/2009,11
16/12/2009,1
17/12/2009,3
18/12/2009,12
21/12/2009,1
22/12/2009,1
23/12/2009,5
24/12/2009,1
25/12/2009,0
28/12/2009,2
29/12/2009,0
30/12/2009,5
31/12/2009,2
1/01/2010,0
4/01/2010,1
5/01/2010,10
6/01/2010,5
7/01/2010,13
8/01/2010,13
11/01/2010,0
12/01/2010,3
13/01/2010,7
14/01/2010,0
15/01/2010,3
18/01/2010,0
19/01/2010,13
20/01/2010,3
21/01/2010,2
22/01/2010,3
25/01/2010,0
26/01/2010,11
27/01/2010,0
28/01/2010,2
29/01/2010,2
1/02/2010,1
2/02/2010,1
3/02/2010,5
4/02/2010,3
5/02/2010,12
8/02/2010,2
9/02/2010,11
10/02/2010,5
11/02/2010,13
12/02/2010,13
15/02/2010,0
16/02/2010,7
17/02/2010,5
18/02/2010,13
19/02/2010,13
22/02/2010,0
23/02/2010,3
24/02/2010,1
25/02/2010,0
26/02/2010,5
1/03/2010,1
2/03/2010,9
3/03/2010,1
4/03/2010,1
5/03/2010,1
8/03/2010,1
9/03/2010,0
10/03/2010,1
11/03/2010,13
12/03/2010,2
15/03/2010,0
16/03/2010,7
17/03/2010,1
18/03/2010,5
19/03/2010,3
22/03/2010,13
23/03/2010,7
24/03/2010,5
25/03/2010,2
26/03/2010,1
29/03/2010,1
30/03/2010,1
31/03/2010,11
1/04/2010,1
2/04/2010,0
5/04/2010,1
6/04/2010,13
7/04/2010,3
8/04/2010,13
9/04/2010,1
12/04/2010,1
13/04/2010,0
14/04/2010,1
15/04/2010,0
16/04/2010,3
19/04/2010,10
20/04/2010,7
21/04/2010,2
22/04/2010,4
23/04/2010,0
26/04/2010,2
27/04/2010,3
28/04/2010,7
29/04/2010,1
30/04/2010,2
3/05/2010,1
4/05/2010,3
5/05/2010,0
6/05/2010,3
7/05/2010,3
10/05/2010,1
11/05/2010,13
12/05/2010,1
13/05/2010,3
14/05/2010,3
17/05/2010,0
18/05/2010,2
19/05/2010,5
20/05/2010,3
21/05/2010,13
24/05/2010,6
25/05/2010,13
26/05/2010,2
27/05/2010,1
28/05/2010,3
31/05/2010,0
1/06/2010,6
2/06/2010,1
3/06/2010,1
4/06/2010,3
7/06/2010,2
8/06/2010,1
9/06/2010,2
10/06/2010,1
11/06/2010,13
14/06/2010,2
15/06/2010,1
16/06/2010,0
17/06/2010,12
18/06/2010,9
21/06/2010,2
22/06/2010,0
23/06/2010,0
24/06/2010,3
25/06/2010,5
28/06/2010,2
29/06/2010,3
30/06/2010,6
1/07/2010,3
2/07/2010,2
5/07/2010,0
6/07/2010,1
7/07/2010,1
8/07/2010,12
9/07/2010,13
12/07/2010,10
13/07/2010,1
14/07/2010,0
15/07/2010,0
16/07/2010,3
19/07/2010,10
20/07/2010,13
21/07/2010,2
22/07/2010,1
23/07/2010,13
26/07/2010,1
27/07/2010,2
28/07/2010,3
29/07/2010,2
30/07/2010,13
2/08/2010,1
3/08/2010,9
4/08/2010,1
5/08/2010,13
6/08/2010,0
9/08/2010,5
10/08/2010,0
11/08/2010,3
12/08/2010,13
13/08/2010,6
16/08/2010,13
17/08/2010,0
18/08/2010,4
19/08/2010,3
20/08/2010,12
23/08/2010,2
24/08/2010,9
25/08/2010,13
26/08/2010,2
27/08/2010,7
30/08/2010,3
31/08/2010,13
1/09/2010,1
2/09/2010,1
3/09/2010,1
6/09/2010,0
7/09/2010,3
8/09/2010,1
9/09/2010,2
10/09/2010,1
13/09/2010,1
14/09/2010,11
15/09/2010,13
16/09/2010,0
17/09/2010,3
20/09/2010,1
21/09/2010,0
22/09/2010,3
23/09/2010,11
24/09/2010,1
27/09/2010,0
28/09/2010,7
29/09/2010,11
30/09/2010,2
1/10/2010,0
4/10/2010,3
5/10/2010,1
6/10/2010,5
7/10/2010,2
8/10/2010,7
11/10/2010,1
12/10/2010,13
13/10/2010,1
14/10/2010,3
15/10/2010,0
18/10/2010,1
19/10/2010,6
20/10/2010,1
21/10/2010,1
22/10/2010,5
25/10/2010,1
26/10/2010,13
27/10/2010,10
28/10/2010,2
29/10/2010,0
1/11/2010,2
2/11/2010,10
3/11/2010,7
4/11/2010,1
5/11/2010,1
8/11/2010,5
9/11/2010,2
10/11/2010,0
11/11/2010,13
12/11/2010,3
15/11/2010,9
16/11/2010,3
17/11/2010,1
18/11/2010,1
19/11/2010,4
22/11/2010,10
23/11/2010,3
24/11/2010,1
25/11/2010,0
26/11/2010,0
29/11/2010,0
30/11/2010,0
1/12/2010,1
2/12/2010,1
3/12/2010,13
6/12/2010,5
7/12/2010,2
8/12/2010,1
9/12/2010,12
10/12/2010,7
13/12/2010,0
14/12/2010,1
15/12/2010,6
16/12/2010,0
17/12/2010,4
20/12/2010,5
21/12/2010,1
22/12/2010,1
23/12/2010,5
24/12/2010,0
27/12/2010,0
28/12/2010,5
29/12/2010,1
30/12/2010,5
31/12/2010,4
3/01/2011,1
4/01/2011,0
5/01/2011,13
6/01/2011,0
7/01/2011,0
10/01/2011,4
11/01/2011,11
12/01/2011,0
13/01/2011,11
14/01/2011,13
17/01/2011,0
18/01/2011,0
19/01/2011,3
20/01/2011,0
21/01/2011,1
24/01/2011,13
25/01/2011,0
26/01/2011,1
27/01/2011,1
28/01/2011,2
31/01/2011,0
1/02/2011,1
2/02/2011,5
3/02/2011,10
4/02/2011,7
7/02/2011,1
8/02/2011,7
9/02/2011,5
10/02/2011,13
11/02/2011,13
14/02/2011,0
15/02/2011,11
16/02/2011,1
17/02/2011,13
18/02/2011,11
21/02/2011,0
22/02/2011,3
23/02/2011,3
24/02/2011,5
25/02/2011,1
28/02/2011,1
1/03/2011,2
2/03/2011,0
3/03/2011,1
4/03/2011,3
7/03/2011,2
8/03/2011,1
9/03/2011,11
10/03/2011,3
11/03/2011,13
14/03/2011,0
15/03/2011,13
16/03/2011,3
17/03/2011,9
18/03/2011,2
21/03/2011,1
22/03/2011,3
23/03/2011,4
24/03/2011,7
25/03/2011,11
28/03/2011,2
29/03/2011,13
30/03/2011,1
31/03/2011,5
1/04/2011,11
4/04/2011,2
5/04/2011,11
6/04/2011,12
7/04/2011,5
8/04/2011,2
11/04/2011,2
12/04/2011,3
13/04/2011,0
14/04/2011,13
15/04/2011,0
18/04/2011,12
19/04/2011,1
20/04/2011,1
21/04/2011,9
22/04/2011,0
25/04/2011,5
26/04/2011,1
27/04/2011,7
28/04/2011,0
29/04/2011,1
2/05/2011,2
3/05/2011,5
4/05/2011,3
5/05/2011,6
6/05/2011,1
9/05/2011,0
10/05/2011,1
11/05/2011,3
12/05/2011,13
13/05/2011,2
16/05/2011,6
17/05/2011,10
18/05/2011,1
19/05/2011,12
20/05/2011,3
23/05/2011,5
24/05/2011,0
25/05/2011,13
26/05/2011,13
27/05/2011,1
30/05/2011,0
31/05/2011,12
1/06/2011,3
2/06/2011,0
3/06/2011,11
6/06/2011,3
7/06/2011,2
8/06/2011,6
9/06/2011,1
10/06/2011,3
13/06/2011,1
14/06/2011,1
15/06/2011,3
16/06/2011,1
17/06/2011,2
20/06/2011,13
21/06/2011,1
22/06/2011,6
23/06/2011,0
24/06/2011,3
27/06/2011,1
28/06/2011,1
29/06/2011,0
30/06/2011,1
1/07/2011,1
4/07/2011,0
5/07/2011,9
6/07/2011,0
7/07/2011,7
8/07/2011,0
11/07/2011,3
12/07/2011,11
13/07/2011,1
14/07/2011,2
15/07/2011,0
18/07/2011,3
19/07/2011,1
20/07/2011,0
21/07/2011,1
22/07/2011,5
25/07/2011,0
26/07/2011,9
27/07/2011,3
28/07/2011,6
29/07/2011,11
1/08/2011,2
2/08/2011,3
3/08/2011,7
4/08/2011,3
5/08/2011,2
8/08/2011,3
9/08/2011,0
10/08/2011,3
11/08/2011,1
12/08/2011,0
15/08/2011,1
16/08/2011,11
17/08/2011,1
18/08/2011,3
19/08/2011,6
22/08/2011,2
23/08/2011,1
24/08/2011,13
25/08/2011,2
26/08/2011,13
29/08/2011,1
30/08/2011,13
31/08/2011,1
1/09/2011,2
2/09/2011,6
5/09/2011,0
6/09/2011,13
7/09/2011,1
8/09/2011,6
9/09/2011,3
12/09/2011,13
13/09/2011,1
14/09/2011,7
15/09/2011,7
16/09/2011,0
19/09/2011,0
20/09/2011,2
21/09/2011,2
22/09/2011,3
23/09/2011,13
26/09/2011,7
27/09/2011,1
28/09/2011,2
29/09/2011,2
30/09/2011,6
3/10/2011,3
4/10/2011,13
5/10/2011,7
6/10/2011,13
7/10/2011,2
10/10/2011,1
11/10/2011,13
12/10/2011,1
13/10/2011,0
14/10/2011,7
17/10/2011,3
18/10/2011,13
19/10/2011,6
20/10/2011,7
21/10/2011,1
24/10/2011,1
25/10/2011,3
26/10/2011,12
27/10/2011,7
28/10/2011,13
31/10/2011,3
1/11/2011,0
2/11/2011,5
3/11/2011,7
4/11/2011,0
7/11/2011,0
8/11/2011,7
9/11/2011,3
10/11/2011,0
11/11/2011,1
14/11/2011,3
15/11/2011,0
16/11/2011,6
17/11/2011,3
18/11/2011,0
21/11/2011,3
22/11/2011,5
23/11/2011,3
24/11/2011,0
25/11/2011,3
28/11/2011,1
29/11/2011,1
30/11/2011,1
1/12/2011,5
2/12/2011,2
5/12/2011,0
6/12/2011,0
7/12/2011,13
8/12/2011,3
9/12/2011,1
12/12/2011,3
13/12/2011,2
14/12/2011,3
15/12/2011,2
16/12/2011,2
19/12/2011,2
20/12/2011,1
21/12/2011,12
22/12/2011,1
23/12/2011,7
26/12/2011,0
27/12/2011,0
28/12/2011,2
29/12/2011,1
30/12/2011,6
2/01/2012,0
3/01/2012,1
4/01/2012,4
5/01/2012,13
6/01/2012,0
9/01/2012,5
10/01/2012,0
11/01/2012,0
12/01/2012,0
13/01/2012,0
16/01/2012,0
17/01/2012,2
18/01/2012,0
19/01/2012,0
20/01/2012,10
23/01/2012,5
24/01/2012,13
25/01/2012,13
26/01/2012,2
27/01/2012,10
30/01/2012,13
31/01/2012,2
1/02/2012,1
2/02/2012,5
3/02/2012,1
6/02/2012,0
7/02/2012,4
8/02/2012,1
9/02/2012,5
10/02/2012,0
13/02/2012,5
14/02/2012,5
15/02/2012,2
16/02/2012,1
17/02/2012,5
20/02/2012,0
21/02/2012,0
22/02/2012,5
23/02/2012,4
24/02/2012,11
27/02/2012,13
28/02/2012,1
29/02/2012,2
1/03/2012,1
2/03/2012,3
5/03/2012,3
6/03/2012,3
7/03/2012,1
8/03/2012,7
9/03/2012,1
12/03/2012,10
13/03/2012,7
14/03/2012,2
15/03/2012,7
16/03/2012,9
19/03/2012,0
20/03/2012,4
21/03/2012,0
22/03/2012,5
23/03/2012,7
26/03/2012,1
27/03/2012,2
28/03/2012,3
29/03/2012,0
30/03/2012,5
2/04/2012,13
3/04/2012,3
4/04/2012,3
5/04/2012,0
6/04/2012,0
9/04/2012,0
10/04/2012,3
11/04/2012,2
12/04/2012,1
13/04/2012,3
16/04/2012,2
17/04/2012,1
18/04/2012,5
19/04/2012,2
20/04/2012,1
23/04/2012,0
24/04/2012,1
25/04/2012,1
26/04/2012,13
27/04/2012,5
30/04/2012,3
1/05/2012,1
2/05/2012,4
3/05/2012,2
4/05/2012,3
7/05/2012,0
8/05/2012,0
9/05/2012,4
10/05/2012,2
11/05/2012,0
14/05/2012,11
15/05/2012,6
16/05/2012,2
17/05/2012,3
18/05/2012,2
21/05/2012,1
22/05/2012,1
23/05/2012,0
24/05/2012,2
25/05/2012,3
28/05/2012,0
29/05/2012,1
30/05/2012,3
31/05/2012,3
1/06/2012,3
4/06/2012,0
5/06/2012,13
6/06/2012,1
7/06/2012,2
8/06/2012,13
11/06/2012,2
12/06/2012,7
13/06/2012,3
14/06/2012,1
15/06/2012,13
18/06/2012,13
19/06/2012,1
20/06/2012,2
21/06/2012,2
22/06/2012,7
25/06/2012,3
26/06/2012,7
27/06/2012,1
28/06/2012,0
29/06/2012,7
2/07/2012,12
3/07/2012,1
4/07/2012,0
5/07/2012,5
6/07/2012,5
9/07/2012,12
10/07/2012,2
11/07/2012,1
12/07/2012,5
13/07/2012,1
16/07/2012,5
17/07/2012,7
18/07/2012,13
19/07/2012,11
20/07/2012,3
23/07/2012,4
24/07/2012,2
25/07/2012,5
26/07/2012,1
27/07/2012,1
30/07/2012,5
31/07/2012,3
1/08/2012,2
2/08/2012,5
3/08/2012,1
6/08/2012,1
7/08/2012,1
8/08/2012,0
9/08/2012,10
10/08/2012,13
13/08/2012,5
14/08/2012,0
15/08/2012,0
16/08/2012,7
17/08/2012,5
20/08/2012,0
21/08/2012,2
22/08/2012,10
23/08/2012,3
24/08/2012,13
27/08/2012,0
28/08/2012,11
29/08/2012,5
30/08/2012,3
31/08/2012,5
3/09/2012,0
4/09/2012,12
5/09/2012,9
6/09/2012,1
7/09/2012,1
10/09/2012,6
11/09/2012,1
12/09/2012,5
13/09/2012,13
14/09/2012,1
17/09/2012,5
18/09/2012,10
19/09/2012,5
20/09/2012,4
21/09/2012,3
24/09/2012,0
25/09/2012,2
26/09/2012,3
27/09/2012,7
28/09/2012,5
1/10/2012,1
2/10/2012,2
3/10/2012,11
4/10/2012,1
5/10/2012,2
8/10/2012,0
9/10/2012,3
10/10/2012,3
11/10/2012,2
12/10/2012,0
15/10/2012,7
16/10/2012,1
17/10/2012,1
18/10/2012,11
19/10/2012,3
22/10/2012,5
23/10/2012,3
24/10/2012,2
25/10/2012,0
26/10/2012,5
29/10/2012,0
30/10/2012,0
31/10/2012,0
1/11/2012,1
2/11/2012,2
5/11/2012,0
6/11/2012,1
7/11/2012,3
8/11/2012,3
9/11/2012,0
12/11/2012,0
13/11/2012,11
14/11/2012,2
15/11/2012,0
16/11/2012,10
19/11/2012,1
20/11/2012,0
21/11/2012,5
22/11/2012,0
23/11/2012,1
26/11/2012,10
27/11/2012,6
28/11/2012,13
29/11/2012,1
30/11/2012,5
3/12/2012,2
4/12/2012,5
5/12/2012,5
6/12/2012,0
7/12/2012,12
10/12/2012,0
11/12/2012,1
12/12/2012,0
13/12/2012,3
14/12/2012,5
17/12/2012,1
18/12/2012,1
19/12/2012,2
20/12/2012,7
21/12/2012,0
24/12/2012,5
25/12/2012,0
26/12/2012,2
27/12/2012,12
28/12/2012,9
31/12/2012,13
1/01/2013,0
2/01/2013,1
3/01/2013,9
4/01/2013,1
7/01/2013,0
8/01/2013,12
9/01/2013,1
10/01/2013,10
11/01/2013,0
14/01/2013,10
15/01/2013,13
16/01/2013,5
17/01/2013,5
18/01/2013,7
21/01/2013,0
22/01/2013,7
23/01/2013,1
24/01/2013,0
25/01/2013,7
28/01/2013,0
29/01/2013,13
30/01/2013,3
31/01/2013,5
1/02/2013,1
4/02/2013,3
5/02/2013,1
6/02/2013,0
7/02/2013,12
8/02/2013,1
11/02/2013,0
12/02/2013,1
13/02/2013,1
14/02/2013,0
15/02/2013,2
18/02/2013,0
19/02/2013,1
20/02/2013,3
21/02/2013,3
22/02/2013,7
25/02/2013,2
26/02/2013,5
27/02/2013,13
28/02/2013,3
1/03/2013,13
4/03/2013,13
5/03/2013,1
6/03/2013,0
7/03/2013,1
8/03/2013,5
11/03/2013,4
12/03/2013,5
13/03/2013,5
14/03/2013,1
15/03/2013,11
18/03/2013,0
19/03/2013,0
20/03/2013,5
21/03/2013,6
22/03/2013,1
25/03/2013,2
26/03/2013,1
27/03/2013,13
28/03/2013,0
29/03/2013,0
1/04/2013,2
2/04/2013,1
3/04/2013,2
4/04/2013,1
5/04/2013,13
8/04/2013,7
9/04/2013,5
10/04/2013,1
11/04/2013,0
12/04/2013,5
15/04/2013,3
16/04/2013,1
17/04/2013,3
18/04/2013,2
19/04/2013,1
22/04/2013,7
23/04/2013,1
24/04/2013,1
25/04/2013,1
26/04/2013,5
29/04/2013,1
30/04/2013,4
1/05/2013,3
2/05/2013,1
3/05/2013,1
6/05/2013,1
7/05/2013,1
8/05/2013,13
9/05/2013,3
10/05/2013,1
13/05/2013,0
14/05/2013,1
15/05/2013,13
16/05/2013,6
17/05/2013,1
20/05/2013,11
21/05/2013,1
22/05/2013,2
23/05/2013,13
24/05/2013,13
27/05/2013,0
28/05/2013,1
29/05/2013,5
30/05/2013,1
31/05/2013,6
3/06/2013,7
4/06/2013,2
5/06/2013,3
6/06/2013,1
7/06/2013,1
10/06/2013,9
11/06/2013,11
12/06/2013,2
13/06/2013,13
14/06/2013,3
17/06/2013,1
18/06/2013,1
19/06/2013,3
20/06/2013,3
21/06/2013,0
24/06/2013,3
25/06/2013,5
26/06/2013,5
27/06/2013,1
28/06/2013,3
1/07/2013,1
2/07/2013,11
3/07/2013,13
4/07/2013,0
5/07/2013,7
8/07/2013,1
9/07/2013,5
10/07/2013,10
11/07/2013,7
12/07/2013,10
15/07/2013,5
16/07/2013,0
17/07/2013,2
18/07/2013,1
19/07/2013,4
22/07/2013,11
23/07/2013,0
24/07/2013,2
25/07/2013,0
26/07/2013,0
29/07/2013,5
30/07/2013,2
31/07/2013,1
1/08/2013,1
2/08/2013,0
5/08/2013,11
6/08/2013,3
7/08/2013,5
8/08/2013,5
9/08/2013,5
12/08/2013,0
13/08/2013,5
14/08/2013,3
15/08/2013,3
16/08/2013,5
19/08/2013,6
20/08/2013,1
21/08/2013,3
22/08/2013,1
23/08/2013,5
26/08/2013,6
27/08/2013,3
28/08/2013,0
29/08/2013,0
30/08/2013,2
2/09/2013,0
3/09/2013,1
4/09/2013,1
5/09/2013,1
6/09/2013,0
9/09/2013,1
10/09/2013,5
11/09/2013,4
12/09/2013,9
13/09/2013,11
16/09/2013,0
17/09/2013,1
18/09/2013,0
19/09/2013,2
20/09/2013,3
23/09/2013,3
24/09/2013,3
25/09/2013,9
26/09/2013,1
27/09/2013,11
30/09/2013,0
1/10/2013,1
2/10/2013,4
3/10/2013,3
4/10/2013,1
7/10/2013,11
8/10/2013,3
9/10/2013,5
10/10/2013,1
11/10/2013,13
14/10/2013,13
15/10/2013,6
16/10/2013,1
17/10/2013,13
18/10/2013,1
21/10/2013,1
22/10/2013,1
23/10/2013,5
24/10/2013,5
25/10/2013,1
28/10/2013,5
29/10/2013,7
30/10/2013,2
31/10/2013,3
1/11/2013,1
4/11/2013,5
5/11/2013,11
6/11/2013,1
7/11/2013,2
8/11/2013,13
11/11/2013,5
12/11/2013,5
13/11/2013,13
14/11/2013,7
15/11/2013,7
18/11/2013,2
19/11/2013,9
20/11/2013,6
21/11/2013,1
22/11/2013,1
25/11/2013,9
26/11/2013,5
27/11/2013,1
28/11/2013,0
29/11/2013,5
2/12/2013,0
3/12/2013,5
4/12/2013,0
5/12/2013,3
6/12/2013,5
9/12/2013,9
10/12/2013,5
11/12/2013,2
12/12/2013,3
13/12/2013,0
16/12/2013,1
17/12/2013,0
18/12/2013,1
19/12/2013,5
20/12/2013,0
23/12/2013,1
24/12/2013,1
25/12/2013,0
26/12/2013,1
27/12/2013,5
30/12/2013,5
31/12/2013,1
1/01/2014,0
2/01/2014,3
3/01/2014,5
6/01/2014,2
7/01/2014,1
8/01/2014,11
9/01/2014,0
10/01/2014,12
13/01/2014,3
14/01/2014,1
15/01/2014,1
16/01/2014,5
17/01/2014,3
20/01/2014,0
21/01/2014,0
22/01/2014,5
23/01/2014,3
24/01/2014,3
27/01/2014,2
28/01/2014,1
29/01/2014,11
30/01/2014,0
31/01/2014,13
3/02/2014,3
4/02/2014,0
5/02/2014,4
6/02/2014,1
7/02/2014,1
10/02/2014,5
11/02/2014,1
12/02/2014,1
13/02/2014,13
14/02/2014,13
17/02/2014,0
18/02/2014,5
19/02/2014,6
20/02/2014,7
21/02/2014,0
24/02/2014,1
25/02/2014,11
26/02/2014,11
27/02/2014,13
28/02/2014,0
3/03/2014,5
4/03/2014,1
5/03/2014,1
6/03/2014,1
7/03/2014,2
10/03/2014,0
11/03/2014,2
12/03/2014,13
13/03/2014,2
14/03/2014,5
17/03/2014,1
18/03/2014,1
19/03/2014,2
20/03/2014,13
21/03/2014,3
24/03/2014,2
25/03/2014,1
26/03/2014,2
27/03/2014,5
28/03/2014,1
31/03/2014,1
1/04/2014,1
2/04/2014,7
3/04/2014,2
4/04/2014,2
7/04/2014,3
8/04/2014,0
9/04/2014,7
10/04/2014,0
11/04/2014,6
14/04/2014,11
15/04/2014,1
16/04/2014,7
17/04/2014,0
18/04/2014,0
21/04/2014,1
22/04/2014,1
23/04/2014,11
24/04/2014,9
25/04/2014,3
28/04/2014,1
29/04/2014,1
30/04/2014,0
1/05/2014,11
2/05/2014,5
5/05/2014,13
6/05/2014,3
7/05/2014,10
8/05/2014,11
9/05/2014,5
12/05/2014,1
13/05/2014,1
14/05/2014,3
15/05/2014,3
16/05/2014,7
19/05/2014,13
20/05/2014,3
21/05/2014,1
22/05/2014,1
23/05/2014,1
26/05/2014,0
27/05/2014,1
28/05/2014,5
29/05/2014,7
30/05/2014,0
2/06/2014,5
3/06/2014,0
4/06/2014,0
5/06/2014,7
6/06/2014,1
9/06/2014,11
10/06/2014,0
11/06/2014,5
12/06/2014,3
13/06/2014,5
16/06/2014,10
17/06/2014,0
18/06/2014,10
19/06/2014,5
20/06/2014,5
23/06/2014,5
24/06/2014,6
25/06/2014,13
26/06/2014,0
27/06/2014,10
30/06/2014,11
1/07/2014,1
2/07/2014,1
3/07/2014,1
4/07/2014,0
7/07/2014,3
8/07/2014,3
9/07/2014,5
10/07/2014,13
11/07/2014,0
14/07/2014,1
15/07/2014,0
16/07/2014,5
17/07/2014,3
18/07/2014,1
21/07/2014,0
22/07/2014,1
23/07/2014,5
24/07/2014,11
25/07/2014,3
28/07/2014,5
29/07/2014,2
30/07/2014,0
31/07/2014,3
1/08/2014,5
4/08/2014,1
5/08/2014,3
6/08/2014,13
7/08/2014,2
8/08/2014,7
11/08/2014,1
12/08/2014,5
13/08/2014,0
14/08/2014,1
15/08/2014,0
18/08/2014,1
19/08/2014,1
20/08/2014,10
21/08/2014,1
22/08/2014,11
25/08/2014,1
26/08/2014,1
27/08/2014,11
28/08/2014,0
29/08/2014,11
1/09/2014,0
2/09/2014,12
3/09/2014,2
4/09/2014,2
5/09/2014,4
8/09/2014,5
9/09/2014,3
10/09/2014,7
11/09/2014,13
12/09/2014,3
15/09/2014,5
16/09/2014,13
17/09/2014,1
18/09/2014,1
19/09/2014,3
22/09/2014,3
23/09/2014,6
24/09/2014,7
25/09/2014,3
26/09/2014,1
29/09/2014,13
30/09/2014,0
1/10/2014,3
2/10/2014,5
3/10/2014,1
6/10/2014,2
7/10/2014,3
8/10/2014,1
9/10/2014,3
10/10/2014,3
13/10/2014,3
14/10/2014,0
15/10/2014,10
16/10/2014,13
17/10/2014,1
20/10/2014,13
21/10/2014,1
22/10/2014,2
23/10/2014,1
24/10/2014,7
27/10/2014,4
28/10/2014,1
29/10/2014,2
30/10/2014,13
31/10/2014,11
3/11/2014,11
4/11/2014,5
5/11/2014,0
6/11/2014,7
7/11/2014,11
10/11/2014,7
11/11/2014,5
12/11/2014,0
13/11/2014,1
14/11/2014,5
17/11/2014,0
18/11/2014,1
19/11/2014,5
20/11/2014,13
21/11/2014,2
24/11/2014,10
25/11/2014,0
26/11/2014,5
27/11/2014,0
28/11/2014,5
1/12/2014,3
2/12/2014,1
3/12/2014,1
4/12/2014,11
5/12/2014,1
8/12/2014,3
9/12/2014,13
10/12/2014,3
11/12/2014,1
12/12/2014,3
15/12/2014,2
16/12/2014,6
17/12/2014,1
18/12/2014,1
19/12/2014,0
22/12/2014,1
23/12/2014,0
24/12/2014,1
25/12/2014,0
26/12/2014,1
29/12/2014,0
30/12/2014,3
31/12/2014,2
1/01/2015,0
2/01/2015,0
5/01/2015,3
6/01/2015,2
7/01/2015,1
8/01/2015,1
9/01/2015,2
12/01/2015,2
13/01/2015,2
14/01/2015,10
15/01/2015,2
16/01/2015,13
19/01/2015,0
20/01/2015,12
21/01/2015,13
22/01/2015,7
23/01/2015,3
26/01/2015,4
27/01/2015,5
28/01/2015,2
29/01/2015,7
30/01/2015,9
2/02/2015,7
3/02/2015,1
4/02/2015,11
5/02/2015,1
6/02/2015,9
9/02/2015,11
10/02/2015,7
11/02/2015,5
12/02/2015,1
13/02/2015,1
16/02/2015,0
17/02/2015,0
18/02/2015,10
19/02/2015,0
20/02/2015,13
23/02/2015,11
24/02/2015,0
25/02/2015,11
26/02/2015,11
27/02/2015,9
2/03/2015,1
3/03/2015,12
4/03/2015,11
5/03/2015,5
6/03/2015,3
9/03/2015,1
10/03/2015,3
11/03/2015,2
12/03/2015,1
13/03/2015,3
16/03/2015,1
17/03/2015,10
18/03/2015,0
19/03/2015,3
20/03/2015,1
23/03/2015,2
24/03/2015,6
25/03/2015,2
26/03/2015,11
27/03/2015,10
30/03/2015,1
31/03/2015,6
1/04/2015,3
2/04/2015,0
3/04/2015,0
6/04/2015,13
7/04/2015,6
8/04/2015,1
9/04/2015,13
10/04/2015,1
13/04/2015,6
14/04/2015,10
15/04/2015,1
16/04/2015,5
17/04/2015,3
20/04/2015,1
21/04/2015,2
22/04/2015,7
23/04/2015,0
24/04/2015,11
27/04/2015,2
28/04/2015,4
29/04/2015,5
30/04/2015,3
1/05/2015,1
4/05/2015,1
5/05/2015,3
6/05/2015,2
7/05/2015,0
8/05/2015,1
11/05/2015,3
12/05/2015,5
13/05/2015,1
14/05/2015,1
15/05/2015,5
18/05/2015,0
19/05/2015,11
20/05/2015,5
21/05/2015,0
22/05/2015,5
25/05/2015,0
26/05/2015,3
27/05/2015,1
28/05/2015,0
29/05/2015,3
1/06/2015,5
2/06/2015,11
3/06/2015,1
4/06/2015,3
5/06/2015,11
8/06/2015,3
9/06/2015,11
10/06/2015,1
11/06/2015,1
12/06/2015,3
15/06/2015,0
16/06/2015,13
17/06/2015,1
18/06/2015,1
19/06/2015,3
22/06/2015,1
23/06/2015,1
24/06/2015,3
25/06/2015,2
26/06/2015,0
29/06/2015,3
30/06/2015,2
1/07/2015,1
2/07/2015,0
3/07/2015,0
6/07/2015,0
7/07/2015,7
8/07/2015,3
9/07/2015,2
10/07/2015,5
13/07/2015,1
14/07/2015,0
15/07/2015,11
16/07/2015,7
17/07/2015,0
20/07/2015,5
21/07/2015,3
22/07/2015,10
23/07/2015,2
24/07/2015,2
27/07/2015,11
28/07/2015,7
29/07/2015,1
30/07/2015,4
31/07/2015,0
3/08/2015,3
4/08/2015,5
5/08/2015,1
6/08/2015,2
7/08/2015,12
10/08/2015,1
11/08/2015,3
12/08/2015,0
13/08/2015,11
14/08/2015,0
17/08/2015,13
18/08/2015,3
19/08/2015,3
20/08/2015,3
21/08/2015,3
24/08/2015,13
25/08/2015,2
26/08/2015,7
27/08/2015,1
28/08/2015,0
31/08/2015,9
1/09/2015,6
2/09/2015,7
3/09/2015,1
4/09/2015,5
7/09/2015,0
8/09/2015,7
9/09/2015,2
10/09/2015,13
11/09/2015,13
14/09/2015,0
15/09/2015,7
16/09/2015,7
17/09/2015,3
18/09/2015,11
21/09/2015,1
22/09/2015,0
23/09/2015,0
24/09/2015,0
25/09/2015,2
28/09/2015,3
29/09/2015,1
30/09/2015,1
1/10/2015,12
2/10/2015,13
5/10/2015,1
6/10/2015,3
7/10/2015,1
8/10/2015,13
9/10/2015,1
12/10/2015,5
13/10/2015,11
14/10/2015,3
15/10/2015,1
16/10/2015,10
19/10/2015,0
20/10/2015,5
21/10/2015,2
22/10/2015,1
23/10/2015,5
26/10/2015,5
27/10/2015,5
28/10/2015,1
29/10/2015,10
30/10/2015,2
2/11/2015,1
3/11/2015,0
4/11/2015,0
5/11/2015,2
6/11/2015,0
9/11/2015,3
10/11/2015,13
11/11/2015,2
12/11/2015,3
13/11/2015,3
16/11/2015,13
17/11/2015,9
18/11/2015,1
19/11/2015,9
20/11/2015,1
23/11/2015,11
24/11/2015,13
25/11/2015,11
26/11/2015,0
27/11/2015,5
30/11/2015,2
1/12/2015,1
2/12/2015,3
3/12/2015,2
4/12/2015,1
7/12/2015,3
8/12/2015,4
9/12/2015,3
10/12/2015,1
11/12/2015,3
14/12/2015,7
15/12/2015,1
16/12/2015,10
17/12/2015,2
18/12/2015,3
21/12/2015,1
22/12/2015,7
23/12/2015,1
24/12/2015,5
25/12/2015,0
28/12/2015,0
29/12/2015,1
30/12/2015,3
31/12/2015,3
1/01/2016,0
4/01/2016,0
5/01/2016,12
6/01/2016,0
7/01/2016,6
8/01/2016,2
11/01/2016,0
12/01/2016,12
13/01/2016,2
14/01/2016,7
15/01/2016,10
18/01/2016,0
19/01/2016,2
20/01/2016,0
21/01/2016,0
22/01/2016,1
25/01/2016,3
26/01/2016,1
27/01/2016,3
28/01/2016,0
29/01/2016,1
1/02/2016,13
2/02/2016,3
3/02/2016,12
4/02/2016,0
5/02/2016,3
8/02/2016,12
9/02/2016,13
10/02/2016,2
11/02/2016,10
12/02/2016,7
15/02/2016,0
16/02/2016,7
17/02/2016,1
18/02/2016,2
19/02/2016,0
22/02/2016,1
23/02/2016,3
24/02/2016,13
25/02/2016,7
26/02/2016,2
29/02/2016,2
1/03/2016,1
2/03/2016,13
3/03/2016,0
4/03/2016,0
7/03/2016,13
8/03/2016,3
9/03/2016,11
10/03/2016,1
11/03/2016,1
14/03/2016,5
15/03/2016,4
16/03/2016,13
17/03/2016,13
18/03/2016,10
21/03/2016,0
22/03/2016,0
23/03/2016,3
24/03/2016,13
25/03/2016,0
28/03/2016,5
29/03/2016,13
30/03/2016,1
31/03/2016,11
1/04/2016,13
4/04/2016,3
5/04/2016,3
6/04/2016,1
7/04/2016,3
8/04/2016,1
11/04/2016,2
12/04/2016,1
13/04/2016,1
14/04/2016,11
15/04/2016,11
18/04/2016,13
19/04/2016,1
20/04/2016,5
21/04/2016,2
22/04/2016,10
25/04/2016,0
26/04/2016,1
27/04/2016,10
28/04/2016,6
29/04/2016,12
2/05/2016,7
3/05/2016,12
4/05/2016,10
5/05/2016,2
6/05/2016,13
9/05/2016,5
10/05/2016,1
11/05/2016,3
12/05/2016,0
13/05/2016,3
16/05/2016,1
17/05/2016,3
18/05/2016,0
19/05/2016,0
20/05/2016,1
23/05/2016,2
24/05/2016,1
25/05/2016,1
26/05/2016,5
27/05/2016,1
30/05/2016,0
31/05/2016,2
1/06/2016,13
2/06/2016,13
3/06/2016,0
6/06/2016,1
7/06/2016,1
8/06/2016,1
9/06/2016,0
10/06/2016,11
13/06/2016,6
14/06/2016,5
15/06/2016,9
16/06/2016,4
17/06/2016,3
20/06/2016,1
21/06/2016,5
22/06/2016,2
23/06/2016,7
24/06/2016,6
27/06/2016,3
28/06/2016,1
29/06/2016,1
30/06/2016,7
1/07/2016,0
4/07/2016,0
5/07/2016,3
6/07/2016,13
7/07/2016,2
8/07/2016,1
11/07/2016,1
12/07/2016,1
13/07/2016,0
14/07/2016,5
15/07/2016,0
18/07/2016,1
19/07/2016,5
20/07/2016,11
21/07/2016,3
22/07/2016,7
25/07/2016,12
26/07/2016,5
27/07/2016,0
28/07/2016,0
29/07/2016,0
1/08/2016,9
2/08/2016,3
3/08/2016,0
4/08/2016,11
5/08/2016,1
8/08/2016,2
9/08/2016,1
10/08/2016,2
11/08/2016,5
12/08/2016,5
15/08/2016,1
16/08/2016,9
17/08/2016,5
18/08/2016,0
19/08/2016,5
22/08/2016,5
23/08/2016,1
24/08/2016,3
25/08/2016,11
26/08/2016,2
29/08/2016,1
30/08/2016,3
31/08/2016,12
1/09/2016,0
2/09/2016,1
5/09/2016,0
6/09/2016,5
7/09/2016,5
8/09/2016,5
9/09/2016,3
12/09/2016,13
13/09/2016,3
14/09/2016,11
15/09/2016,13
16/09/2016,5
19/09/2016,1
20/09/2016,0
21/09/2016,1
22/09/2016,1
23/09/2016,3
26/09/2016,3
27/09/2016,13
28/09/2016,10
29/09/2016,3
30/09/2016,1
3/10/2016,5
4/10/2016,2
5/10/2016,1
6/10/2016,5
7/10/2016,0
10/10/2016,1
11/10/2016,3
12/10/2016,11
13/10/2016,4
14/10/2016,1
17/10/2016,3
18/10/2016,0
19/10/2016,5
20/10/2016,5
21/10/2016,0
24/10/2016,1
25/10/2016,3
26/10/2016,0
27/10/2016,2
28/10/2016,6
31/10/2016,11
1/11/2016,2
2/11/2016,3
3/11/2016,2
4/11/2016,11
7/11/2016,1
8/11/2016,13
9/11/2016,13
10/11/2016,5
11/11/2016,10
14/11/2016,0
15/11/2016,1
16/11/2016,5
17/11/2016,1
18/11/2016,0
21/11/2016,1
22/11/2016,5
23/11/2016,0
24/11/2016,0
25/11/2016,1
28/11/2016,3
29/11/2016,11
30/11/2016,2
1/12/2016,2
2/12/2016,1
5/12/2016,1
6/12/2016,7
7/12/2016,13
8/12/2016,0
9/12/2016,1
12/12/2016,5
13/12/2016,1
14/12/2016,6
15/12/2016,1
16/12/2016,3
19/12/2016,1
20/12/2016,1
21/12/2016,9
22/12/2016,5
23/12/2016,1
26/12/2016,0
27/12/2016,1
28/12/2016,2
29/12/2016,5
30/12/2016,2
2/01/2017,0
3/01/2017,1
4/01/2017,1
5/01/2017,5
6/01/2017,7
9/01/2017,11
10/01/2017,11
11/01/2017,10
12/01/2017,0
13/01/2017,1
16/01/2017,0
17/01/2017,11
18/01/2017,5
19/01/2017,2
20/01/2017,1
23/01/2017,5
24/01/2017,1
25/01/2017,1
26/01/2017,5
27/01/2017,5
30/01/2017,3
31/01/2017,0
1/02/2017,0
2/02/2017,0
3/02/2017,1
6/02/2017,5
7/02/2017,1
8/02/2017,4
9/02/2017,1
10/02/2017,1
13/02/2017,1
14/02/2017,4
15/02/2017,13
16/02/2017,12
17/02/2017,0
20/02/2017,0
21/02/2017,1
22/02/2017,11
23/02/2017,12
24/02/2017,13
27/02/2017,0
28/02/2017,5
1/03/2017,1
2/03/2017,3
3/03/2017,10
6/03/2017,0
7/03/2017,11
8/03/2017,2
9/03/2017,1
10/03/2017,12
13/03/2017,0
14/03/2017,5
15/03/2017,7
16/03/2017,2
17/03/2017,3
20/03/2017,11
21/03/2017,2
22/03/2017,7
23/03/2017,11
24/03/2017,2
27/03/2017,13
28/03/2017,13
29/03/2017,0
30/03/2017,0
31/03/2017,9
3/04/2017,12
4/04/2017,4
5/04/2017,6
6/04/2017,1
7/04/2017,5
10/04/2017,1
11/04/2017,0
12/04/2017,3
13/04/2017,6
14/04/2017,0
17/04/2017,1
18/04/2017,5
19/04/2017,2
20/04/2017,7
21/04/2017,3
24/04/2017,5
25/04/2017,1
26/04/2017,11
27/04/2017,5
28/04/2017,2
1/05/2017,5
2/05/2017,11
3/05/2017,10
4/05/2017,5
5/05/2017,7
8/05/2017,5
9/05/2017,2
10/05/2017,4
11/05/2017,0
12/05/2017,9
15/05/2017,1
16/05/2017,2
17/05/2017,3
18/05/2017,0
19/05/2017,1
22/05/2017,1
23/05/2017,5
24/05/2017,5
25/05/2017,1
26/05/2017,5
29/05/2017,0
30/05/2017,5
31/05/2017,12
1/06/2017,7
2/06/2017,7
5/06/2017,11
6/06/2017,11
7/06/2017,1
8/06/2017,11
9/06/2017,2
12/06/2017,0
13/06/2017,1
14/06/2017,2
15/06/2017,0
16/06/2017,0
19/06/2017,1
20/06/2017,3
21/06/2017,5
22/06/2017,11
23/06/2017,11
26/06/2017,1
27/06/2017,3
28/06/2017,1
29/06/2017,2
30/06/2017,5
3/07/2017,1
4/07/2017,0
5/07/2017,5
6/07/2017,3
7/07/2017,1
10/07/2017,11
11/07/2017,0
12/07/2017,1
13/07/2017,1
14/07/2017,0
17/07/2017,11
18/07/2017,0
19/07/2017,1
20/07/2017,5
21/07/2017,11
24/07/2017,0
25/07/2017,11
26/07/2017,9
27/07/2017,2
28/07/2017,10
31/07/2017,2
1/08/2017,5
2/08/2017,5
3/08/2017,5
4/08/2017,2
7/08/2017,1
8/08/2017,11
9/08/2017,0
10/08/2017,3
11/08/2017,1
14/08/2017,1
15/08/2017,5
16/08/2017,1
17/08/2017,3
18/08/2017,11
21/08/2017,11
22/08/2017,1
23/08/2017,11
24/08/2017,2
25/08/2017,1
28/08/2017,0
29/08/2017,13
30/08/2017,0
31/08/2017,1
1/09/2017,11
4/09/2017,0
5/09/2017,3
6/09/2017,5
7/09/2017,5
8/09/2017,11
11/09/2017,1
12/09/2017,1
13/09/2017,5
14/09/2017,11
15/09/2017,0
18/09/2017,1
19/09/2017,5
20/09/2017,11
21/09/2017,3
22/09/2017,5
25/09/2017,5
26/09/2017,1
27/09/2017,5
28/09/2017,0
29/09/2017,0
2/10/2017,1
3/10/2017,5
4/10/2017,11
5/10/2017,1
6/10/2017,5
9/10/2017,2
10/10/2017,5
11/10/2017,4
12/10/2017,11
13/10/2017,11
16/10/2017,1
17/10/2017,5
18/10/2017,5
19/10/2017,4
20/10/2017,5
23/10/2017,2
24/10/2017,11
25/10/2017,3
26/10/2017,11
27/10/2017,1
30/10/2017,5
31/10/2017,5
1/11/2017,1
2/11/2017,10
3/11/2017,7
6/11/2017,0
7/11/2017,2
8/11/2017,4
9/11/2017,10
10/11/2017,5
13/11/2017,0
14/11/2017,5
15/11/2017,11
16/11/2017,1
17/11/2017,9
20/11/2017,5
21/11/2017,1
22/11/2017,5
23/11/2017,0
24/11/2017,5
27/11/2017,5
28/11/2017,1
29/11/2017,5
30/11/2017,1
1/12/2017,3
4/12/2017,2
5/12/2017,0
6/12/2017,5
7/12/2017,0
8/12/2017,11
11/12/2017,1
12/12/2017,11
13/12/2017,5
14/12/2017,2
15/12/2017,0
18/12/2017,1
19/12/2017,2
20/12/2017,2
21/12/2017,11
22/12/2017,5
25/12/2017,0
26/12/2017,5
27/12/2017,1
28/12/2017,5
29/12/2017,2
1/01/2018,0
2/01/2018,1
3/01/2018,1
4/01/2018,1
5/01/2018,7
8/01/2018,4
9/01/2018,1
10/01/2018,11
11/01/2018,1
12/01/2018,1
15/01/2018,0
16/01/2018,2
17/01/2018,7
18/01/2018,5
19/01/2018,10
22/01/2018,13
23/01/2018,1
24/01/2018,0
25/01/2018,0
26/01/2018,1
29/01/2018,3
30/01/2018,3
31/01/2018,1
1/02/2018,11
2/02/2018,3
5/02/2018,3
6/02/2018,13
7/02/2018,6
8/02/2018,2
9/02/2018,7
12/02/2018,7
13/02/2018,13
14/02/2018,13
15/02/2018,7
16/02/2018,0
19/02/2018,0
20/02/2018,6
21/02/2018,6
22/02/2018,1
23/02/2018,7
26/02/2018,1
27/02/2018,2
28/02/2018,2
1/03/2018,3
2/03/2018,13
5/03/2018,13
6/03/2018,12
7/03/2018,13
8/03/2018,10
9/03/2018,1
12/03/2018,2
13/03/2018,2
14/03/2018,2
15/03/2018,0
16/03/2018,11
19/03/2018,3
20/03/2018,1
21/03/2018,11
22/03/2018,3
23/03/2018,2
26/03/2018,1
27/03/2018,2
28/03/2018,9
29/03/2018,7
30/03/2018,0
2/04/2018,3
3/04/2018,10
4/04/2018,13
5/04/2018,5
6/04/2018,3
9/04/2018,1
10/04/2018,7
11/04/2018,11
12/04/2018,1
13/04/2018,2
16/04/2018,5
17/04/2018,7
18/04/2018,9
19/04/2018,3
20/04/2018,3
23/04/2018,0
24/04/2018,2
25/04/2018,0
26/04/2018,1
27/04/2018,5
30/04/2018,2
1/05/2018,0
2/05/2018,3
3/05/2018,0
4/05/2018,13
7/05/2018,1
8/05/2018,10
9/05/2018,1
10/05/2018,1
11/05/2018,1
14/05/2018,1
15/05/2018,3
16/05/2018,1
17/05/2018,11
18/05/2018,5
21/05/2018,1
22/05/2018,2
23/05/2018,13
24/05/2018,5
25/05/2018,5
28/05/2018,0
29/05/2018,3
30/05/2018,1
31/05/2018,3
1/06/2018,1
4/06/2018,1
5/06/2018,1
6/06/2018,7
7/06/2018,2
8/06/2018,0
11/06/2018,1
12/06/2018,11
13/06/2018,2
14/06/2018,2
15/06/2018,0
18/06/2018,4
19/06/2018,13
20/06/2018,11
21/06/2018,3
22/06/2018,9
25/06/2018,3
26/06/2018,5
27/06/2018,2
28/06/2018,13
29/06/2018,1
2/07/2018,13
3/07/2018,2
4/07/2018,0
5/07/2018,7
6/07/2018,1
9/07/2018,1
10/07/2018,1
11/07/2018,5
12/07/2018,7
13/07/2018,11
16/07/2018,2
17/07/2018,13
18/07/2018,5
19/07/2018,11
20/07/2018,9
23/07/2018,4
24/07/2018,1
25/07/2018,13
26/07/2018,11
27/07/2018,2
30/07/2018,2
31/07/2018,11
1/08/2018,0
2/08/2018,13
3/08/2018,1
6/08/2018,0
7/08/2018,1
8/08/2018,5
9/08/2018,2
10/08/2018,11
13/08/2018,0
14/08/2018,1
15/08/2018,3
16/08/2018,1
17/08/2018,4
20/08/2018,5
21/08/2018,1
22/08/2018,11
23/08/2018,5
24/08/2018,1
27/08/2018,1
28/08/2018,5
29/08/2018,1
30/08/2018,6
31/08/2018,5
3/09/2018,0
4/09/2018,5
5/09/2018,5
6/09/2018,0
7/09/2018,10
10/09/2018,0
11/09/2018,13
12/09/2018,5
13/09/2018,1
14/09/2018,5
17/09/2018,3
18/09/2018,1
19/09/2018,1
20/09/2018,1
21/09/2018,3
24/09/2018,5
25/09/2018,2
26/09/2018,6
27/09/2018,1
28/09/2018,0
1/10/2018,1
2/10/2018,11
3/10/2018,1
4/10/2018,3
5/10/2018,2
8/10/2018,10
9/10/2018,11
10/10/2018,3
11/10/2018,3
12/10/2018,0
15/10/2018,3
16/10/2018,1
17/10/2018,11
18/10/2018,3
19/10/2018,2
22/10/2018,2
23/10/2018,4
24/10/2018,3
25/10/2018,1
26/10/2018,9
29/10/2018,2
30/10/2018,13
31/10/2018,1
1/11/2018,7
2/11/2018,2
5/11/2018,7
6/11/2018,13
7/11/2018,1
8/11/2018,11
9/11/2018,3
12/11/2018,3
13/11/2018,6
14/11/2018,2
15/11/2018,13
16/11/2018,13
19/11/2018,3
20/11/2018,3
21/11/2018,1
22/11/2018,0
23/11/2018,0
26/11/2018,1
27/11/2018,13
28/11/2018,7
29/11/2018,5
30/11/2018,13
3/12/2018,0
4/12/2018,3
5/12/2018,0
6/12/2018,0
7/12/2018,3
10/12/2018,0
11/12/2018,2
12/12/2018,2
13/12/2018,2
14/12/2018,3
17/12/2018,3
18/12/2018,2
19/12/2018,6
20/12/2018,3
21/12/2018,3
24/12/2018,3
25/12/2018,0
26/12/2018,7
27/12/2018,0
28/12/2018,2
31/12/2018,0
1/01/2019,0
2/01/2019,13
3/01/2019,3
4/01/2019,1
7/01/2019,0
8/01/2019,12
9/01/2019,1
10/01/2019,13
11/01/2019,13
14/01/2019,0
15/01/2019,1
16/01/2019,1
17/01/2019,13
18/01/2019,0
21/01/2019,0
22/01/2019,3
23/01/2019,1
24/01/2019,5
25/01/2019,1
28/01/2019,0
29/01/2019,2
30/01/2019,7
31/01/2019,13
1/02/2019,1
4/02/2019,7
5/02/2019,1
6/02/2019,11
7/02/2019,3
8/02/2019,0
11/02/2019,2
12/02/2019,1
13/02/2019,1
14/02/2019,0
15/02/2019,1
18/02/2019,0
19/02/2019,0
20/02/2019,10
21/02/2019,11
22/02/2019,1
25/02/2019,1
26/02/2019,5
27/02/2019,4
28/02/2019,9
1/03/2019,5
4/03/2019,2
5/03/2019,5
6/03/2019,2
7/03/2019,3
8/03/2019,13
11/03/2019,1
12/03/2019,1
13/03/2019,1
14/03/2019,9
15/03/2019,0
18/03/2019,1
19/03/2019,0
20/03/2019,3
21/03/2019,13
22/03/2019,3
25/03/2019,11
26/03/2019,1
27/03/2019,3
28/03/2019,1
29/03/2019,5
1/04/2019,1
2/04/2019,5
3/04/2019,0
4/04/2019,1
5/04/2019,1
8/04/2019,0
9/04/2019,9
10/04/2019,10
11/04/2019,2
12/04/2019,1
15/04/2019,5
16/04/2019,2
17/04/2019,2
18/04/2019,5
19/04/2019,0
22/04/2019,0
23/04/2019,1
24/04/2019,5
25/04/2019,5
26/04/2019,7
29/04/2019,1
30/04/2019,0
1/05/2019,2
2/05/2019,5
3/05/2019,1
6/05/2019,13
7/05/2019,3
8/05/2019,0
9/05/2019,4
10/05/2019,0
13/05/2019,3
14/05/2019,1
15/05/2019,13
16/05/2019,1
17/05/2019,0
20/05/2019,11
21/05/2019,1
22/05/2019,5
23/05/2019,3
24/05/2019,2
27/05/2019,0
28/05/2019,2
29/05/2019,3
30/05/2019,1
31/05/2019,9
3/06/2019,2
4/06/2019,1
5/06/2019,7
6/06/2019,7
7/06/2019,1
10/06/2019,1
11/06/2019,2
12/06/2019,5
13/06/2019,1
14/06/2019,5
17/06/2019,1
18/06/2019,1
19/06/2019,5
20/06/2019,12
21/06/2019,5
24/06/2019,2
25/06/2019,2
26/06/2019,2
27/06/2019,1
28/06/2019,11
1/07/2019,2
2/07/2019,0
3/07/2019,1
4/07/2019,0
5/07/2019,4
8/07/2019,5
9/07/2019,13
10/07/2019,1
11/07/2019,11
12/07/2019,7
15/07/2019,12
16/07/2019,3
17/07/2019,2
18/07/2019,0
19/07/2019,2
22/07/2019,1
23/07/2019,7
24/07/2019,13
25/07/2019,3
26/07/2019,1
29/07/2019,5
30/07/2019,0
31/07/2019,2
1/08/2019,6
2/08/2019,3
5/08/2019,3
6/08/2019,1
7/08/2019,13
8/08/2019,1
9/08/2019,3
12/08/2019,3
13/08/2019,13
14/08/2019,3
15/08/2019,9
16/08/2019,1
19/08/2019,5
20/08/2019,3
21/08/2019,11
22/08/2019,0
23/08/2019,3
26/08/2019,0
27/08/2019,2
28/08/2019,13
29/08/2019,1
30/08/2019,2
2/09/2019,0
3/09/2019,11
4/09/2019,7
5/09/2019,1
6/09/2019,5
9/09/2019,2
10/09/2019,0
11/09/2019,1
12/09/2019,1
13/09/2019,2
16/09/2019,10
17/09/2019,0
18/09/2019,0
19/09/2019,11
20/09/2019,3
23/09/2019,0
24/09/2019,2
25/09/2019,7
26/09/2019,0
27/09/2019,2
30/09/2019,1
1/10/2019,2
2/10/2019,3
3/10/2019,13
4/10/2019,1
7/10/2019,11
8/10/2019,3
9/10/2019,5
10/10/2019,13
11/10/2019,1
14/10/2019,11
15/10/2019,1
16/10/2019,11
17/10/2019,1
18/10/2019,3
21/10/2019,5
22/10/2019,2
23/10/2019,0
24/10/2019,0
25/10/2019,13
28/10/2019,1
29/10/2019,11
30/10/2019,10
31/10/2019,3
1/11/2019,1
4/11/2019,2
5/11/2019,5
6/11/2019,5
7/11/2019,1
8/11/2019,0
11/11/2019,0
12/11/2019,1
13/11/2019,0
14/11/2019,10
15/11/2019,7
18/11/2019,5
19/11/2019,0
20/11/2019,5
21/11/2019,5
22/11/2019,5
25/11/2019,1
26/11/2019,1
27/11/2019,7
28/11/2019,0
29/11/2019,5
2/12/2019,2
3/12/2019,0
4/12/2019,1
5/12/2019,12
6/12/2019,1
9/12/2019,5
10/12/2019,11
11/12/2019,1
12/12/2019,1
13/12/2019,5
16/12/2019,1
17/12/2019,9
18/12/2019,5
19/12/2019,1
20/12/2019,5
23/12/2019,11
24/12/2019,5
25/12/2019,0
26/12/2019,1
27/12/2019,0
30/12/2019,2
31/12/2019,0
1/01/2020,0
2/01/2020,7
3/01/2020,0
6/01/2020,13
7/01/2020,5
8/01/2020,1
9/01/2020,5
10/01/2020,2
13/01/2020,1
14/01/2020,9
15/01/2020,0
16/01/2020,1
17/01/2020,5
20/01/2020,0
21/01/2020,11
22/01/2020,1
23/01/2020,0
24/01/2020,2
27/01/2020,11
28/01/2020,1
29/01/2020,9
30/01/2020,13
31/01/2020,3
3/02/2020,1
4/02/2020,1
5/02/2020,5
6/02/2020,11
7/02/2020,9
10/02/2020,13
11/02/2020,1
12/02/2020,1
13/02/2020,0
14/02/2020,5
17/02/2020,0
18/02/2020,10
19/02/2020,1
20/02/2020,3
21/02/2020,3
24/02/2020,3
25/02/2020,2
26/02/2020,2
27/02/2020,3
28/02/2020,13
2/03/2020,7
3/03/2020,2
4/03/2020,7
5/03/2020,3
6/03/2020,13
9/03/2020,6
10/03/2020,7
11/03/2020,3
12/03/2020,3
13/03/2020,7
16/03/2020,6
17/03/2020,7
18/03/2020,13
19/03/2020,13
20/03/2020,2
23/03/2020,3
24/03/2020,1
25/03/2020,7
26/03/2020,1
27/03/2020,4
30/03/2020,1
31/03/2020,9
1/04/2020,3
2/04/2020,13
3/04/2020,3
6/04/2020,1
7/04/2020,2
8/04/2020,7
9/04/2020,1
10/04/2020,0
13/04/2020,3
14/04/2020,1
15/04/2020,0
16/04/2020,0
17/04/2020,7
20/04/2020,6
21/04/2020,3
22/04/2020,7
23/04/2020,2
24/04/2020,7
27/04/2020,1
28/04/2020,2
29/04/2020,7
30/04/2020,3
1/05/2020,3
4/05/2020,13
5/05/2020,1
6/05/2020,2
7/05/2020,1
8/05/2020,7
11/05/2020,13
12/05/2020,2
13/05/2020,3
14/05/2020,13
15/05/2020,13
18/05/2020,1
19/05/2020,6
20/05/2020,1
21/05/2020,3
22/05/2020,0
25/05/2020,0
26/05/2020,2
27/05/2020,7
28/05/2020,2
29/05/2020,0
1/06/2020,13
2/06/2020,7
3/06/2020,1
4/06/2020,5
5/06/2020,1
8/06/2020,1
9/06/2020,4
10/06/2020,2
11/06/2020,3
12/06/2020,2
15/06/2020,13
16/06/2020,2
17/06/2020,2
18/06/2020,13
19/06/2020,2
22/06/2020,13
23/06/2020,9
24/06/2020,3
25/06/2020,4
26/06/2020,3
29/06/2020,0
30/06/2020,13
1/07/2020,1
2/07/2020,1
3/07/2020,0
6/07/2020,0
7/07/2020,6
8/07/2020,1
9/07/2020,2
10/07/2020,13
13/07/2020,6
14/07/2020,13
15/07/2020,12
16/07/2020,10
17/07/2020,5
20/07/2020,13
21/07/2020,2
22/07/2020,13
23/07/2020,3
24/07/2020,5
27/07/2020,1
28/07/2020,3
29/07/2020,1
30/07/2020,13
31/07/2020,12
3/08/2020,1
4/08/2020,13
5/08/2020,1
6/08/2020,13
7/08/2020,0
10/08/2020,1
11/08/2020,2
12/08/2020,1
13/08/2020,11
14/08/2020,11
17/08/2020,9
18/08/2020,10
19/08/2020,2
20/08/2020,13
21/08/2020,0
24/08/2020,0
25/08/2020,5
26/08/2020,7
27/08/2020,5
28/08/2020,7
31/08/2020,3
1/09/2020,1
2/09/2020,7
3/09/2020,3
4/09/2020,2
7/09/2020,0
8/09/2020,3
9/09/2020,1
10/09/2020,2
11/09/2020,2
14/09/2020,1
15/09/2020,1
16/09/2020,2
17/09/2020,13
18/09/2020,3
21/09/2020,0
22/09/2020,7
23/09/2020,2
24/09/2020,13
25/09/2020,13
28/09/2020,7
29/09/2020,3
30/09/2020,1
1/10/2020,11
2/10/2020,13
5/10/2020,1
6/10/2020,2
7/10/2020,1
8/10/2020,7
9/10/2020,0
12/10/2020,1
13/10/2020,3
14/10/2020,2
15/10/2020,13
16/10/2020,2
19/10/2020,2
20/10/2020,1
21/10/2020,5
22/10/2020,1
23/10/2020,12
26/10/2020,3
27/10/2020,2
28/10/2020,3
29/10/2020,1
30/10/2020,3
2/11/2020,1
3/11/2020,1
4/11/2020,1
5/11/2020,1
6/11/2020,11
9/11/2020,2
10/11/2020,11
11/11/2020,11
12/11/2020,3
13/11/2020,1
16/11/2020,0
17/11/2020,11
18/11/2020,2
19/11/2020,13
20/11/2020,9
23/11/2020,1
24/11/2020,1
25/11/2020,3
26/11/2020,0
27/11/2020,1
30/11/2020,3
1/12/2020,1
2/12/2020,13
3/12/2020,11
4/12/2020,1
7/12/2020,5
8/12/2020,13
9/12/2020,2
10/12/2020,0
11/12/2020,0
14/12/2020,2
15/12/2020,7
16/12/2020,5
17/12/2020,10
18/12/2020,3
21/12/2020,13
22/12/2020,2
23/12/2020,1
24/12/2020,1
25/12/2020,0
28/12/2020,5
29/12/2020,2
30/12/2020,1
31/12/2020,0
1/01/2021,0
4/01/2021,2
5/01/2021,13
6/01/2021,13
7/01/2021,1
8/01/2021,5
11/01/2021,0
12/01/2021,1
13/01/2021,0
14/01/2021,2
15/01/2021,3
18/01/2021,0
19/01/2021,5
20/01/2021,1
21/01/2021,5
22/01/2021,0
25/01/2021,1
26/01/2021,0
27/01/2021,3
28/01/2021,1
29/01/2021,3
1/02/2021,7
2/02/2021,1
3/02/2021,5
4/02/2021,1
5/02/2021,9
8/02/2021,1
9/02/2021,5
10/02/2021,2
11/02/2021,12
12/02/2021,13
15/02/2021,0
16/02/2021,0
17/02/2021,0
18/02/2021,0
19/02/2021,2
22/02/2021,11
23/02/2021,0
24/02/2021,13
25/02/2021,3
26/02/2021,2
1/03/2021,1
2/03/2021,2
3/03/2021,3
4/03/2021,3
5/03/2021,7
8/03/2021,6
9/03/2021,1
10/03/2021,1
11/03/2021,1
12/03/2021,13
15/03/2021,7
16/03/2021,2
17/03/2021,0
18/03/2021,6
19/03/2021,5
22/03/2021,1
23/03/2021,6
24/03/2021,6
25/03/2021,0
26/03/2021,1
29/03/2021,10
30/03/2021,0
31/03/2021,1
1/04/2021,1
2/04/2021,0
5/04/2021,1
6/04/2021,11
7/04/2021,10
8/04/2021,5
9/04/2021,13
12/04/2021,11
13/04/2021,0
14/04/2021,6
15/04/2021,1
16/04/2021,5
19/04/2021,3
20/04/2021,3
21/04/2021,13
22/04/2021,3
23/04/2021,1
26/04/2021,1
27/04/2021,5
28/04/2021,5
29/04/2021,12
30/04/2021,5
3/05/2021,0
4/05/2021,12
5/05/2021,9
6/05/2021,0
7/05/2021,1
10/05/2021,2
11/05/2021,0
12/05/2021,3
13/05/2021,1
14/05/2021,1
17/05/2021,0
18/05/2021,2
19/05/2021,13
20/05/2021,1
21/05/2021,0
24/05/2021,1
25/05/2021,2
26/05/2021,11
27/05/2021,1
28/05/2021,9
31/05/2021,0
1/06/2021,2
2/06/2021,1
3/06/2021,0
4/06/2021,1
7/06/2021,12
8/06/2021,0
9/06/2021,2
10/06/2021,1
11/06/2021,5
14/06/2021,12
15/06/2021,0
16/06/2021,2
17/06/2021,5
18/06/2021,3
21/06/2021,1
22/06/2021,13
23/06/2021,5
24/06/2021,1
25/06/2021,1
28/06/2021,5
29/06/2021,1
30/06/2021,10
1/07/2021,1
2/07/2021,1
5/07/2021,0
6/07/2021,12
7/07/2021,10
8/07/2021,0
9/07/2021,1
12/07/2021,0
13/07/2021,11
14/07/2021,0
15/07/2021,5
16/07/2021,2
19/07/2021,3
20/07/2021,1
21/07/2021,1
22/07/2021,5
23/07/2021,7
26/07/2021,0
27/07/2021,3
28/07/2021,5
29/07/2021,1
30/07/2021,5
2/08/2021,2
3/08/2021,7
4/08/2021,5
5/08/2021,1
6/08/2021,1
9/08/2021,5
10/08/2021,1
11/08/2021,5
12/08/2021,4
13/08/2021,10
16/08/2021,4
17/08/2021,12
18/08/2021,9
19/08/2021,13
20/08/2021,1
23/08/2021,1
24/08/2021,1
25/08/2021,1
26/08/2021,3
27/08/2021,1
30/08/2021,1
31/08/2021,11
1/09/2021,11
2/09/2021,1
3/09/2021,0
6/09/2021,0
7/09/2021,3
8/09/2021,10
9/09/2021,6
10/09/2021,2
13/09/2021,2
14/09/2021,2
15/09/2021,7
16/09/2021,12
17/09/2021,3
20/09/2021,3
21/09/2021,2
22/09/2021,1
23/09/2021,1
24/09/2021,13
27/09/2021,5
28/09/2021,3
29/09/2021,1
30/09/2021,2
1/10/2021,7
4/10/2021,3
5/10/2021,1
6/10/2021,13
7/10/2021,1
8/10/2021,0
11/10/2021,6
12/10/2021,0
13/10/2021,5
14/10/2021,1
15/10/2021,1
18/10/2021,13
19/10/2021,1
20/10/2021,1
21/10/2021,0
22/10/2021,5
25/10/2021,7
26/10/2021,1
27/10/2021,2
28/10/2021,1
29/10/2021,13
1/11/2021,11
2/11/2021,1
3/11/2021,0
4/11/2021,1
5/11/2021,1
8/11/2021,5
9/11/2021,0
10/11/2021,6
11/11/2021,9
12/11/2021,7
15/11/2021,0
16/11/2021,0
17/11/2021,5
18/11/2021,5
19/11/2021,9
22/11/2021,2
23/11/2021,10
24/11/2021,13
25/11/2021,0
26/11/2021,3
29/11/2021,5
30/11/2021,3
1/12/2021,6
2/12/2021,1
3/12/2021,2
6/12/2021,1
7/12/2021,1
8/12/2021,5
9/12/2021,6
10/12/2021,10
13/12/2021,3
14/12/2021,5
15/12/2021,7
16/12/2021,2
17/12/2021,3
20/12/2021,0
21/12/2021,7
22/12/2021,13
23/12/2021,1
24/12/2021,0
27/12/2021,1
28/12/2021,2
29/12/2021,1
30/12/2021,2
31/12/2021,5
3/01/2022,10
4/01/2022,0
5/01/2022,3
6/01/2022,11
7/01/2022,2
10/01/2022,0
11/01/2022,13
12/01/2022,1
13/01/2022,2
14/01/2022,13
17/01/2022,0
18/01/2022,3
19/01/2022,2
20/01/2022,6
21/01/2022,3
24/01/2022,0
25/01/2022,0
26/01/2022,9
27/01/2022,2
28/01/2022,7
31/01/2022,13
1/02/2022,7
2/02/2022,7
3/02/2022,3
4/02/2022,13
7/02/2022,2
8/02/2022,13
9/02/2022,1
10/02/2022,6
11/02/2022,2
14/02/2022,3
15/02/2022,1
16/02/2022,0
17/02/2022,3
18/02/2022,2
21/02/2022,0
22/02/2022,3
23/02/2022,2
24/02/2022,13
25/02/2022,1
28/02/2022,13
1/03/2022,3
2/03/2022,1
3/03/2022,2
4/03/2022,11
7/03/2022,3
8/03/2022,9
9/03/2022,7
10/03/2022,0
11/03/2022,2
14/03/2022,2
15/03/2022,1
16/03/2022,1
17/03/2022,13
18/03/2022,13
21/03/2022,5
22/03/2022,1
23/03/2022,3
24/03/2022,7
25/03/2022,1
28/03/2022,10
29/03/2022,10
30/03/2022,3
31/03/2022,3
1/04/2022,12
4/04/2022,1
5/04/2022,3
6/04/2022,12
7/04/2022,0
8/04/2022,11
11/04/2022,3
12/04/2022,2
13/04/2022,13
14/04/2022,2
15/04/2022,0
18/04/2022,10
19/04/2022,13
20/04/2022,0
21/04/2022,2
22/04/2022,3
25/04/2022,0
26/04/2022,3
27/04/2022,1
28/04/2022,7
29/04/2022,3
2/05/2022,0
3/05/2022,0
4/05/2022,7
5/05/2022,3
6/05/2022,11
9/05/2022,3
10/05/2022,2
11/05/2022,6
12/05/2022,13
13/05/2022,1
16/05/2022,5
17/05/2022,7
18/05/2022,3
19/05/2022,0
20/05/2022,2
23/05/2022,7
24/05/2022,0
25/05/2022,13
26/05/2022,1
27/05/2022,1
30/05/2022,0
31/05/2022,11
1/06/2022,2
2/06/2022,13
3/06/2022,3
6/06/2022,1
7/06/2022,13
8/06/2022,3
9/06/2022,6
10/06/2022,3
13/06/2022,3
14/06/2022,2
15/06/2022,1
16/06/2022,3
17/06/2022,10
20/06/2022,0
21/06/2022,1
22/06/2022,13
23/06/2022,7
24/06/2022,1
27/06/2022,2
28/06/2022,2
29/06/2022,0
30/06/2022,0
1/07/2022,0
4/07/2022,0
5/07/2022,4
6/07/2022,10
7/07/2022,1
8/07/2022,4
11/07/2022,3
12/07/2022,6
13/07/2022,13
14/07/2022,13
15/07/2022,7
18/07/2022,2
19/07/2022,1
20/07/2022,7
21/07/2022,13
22/07/2022,2
25/07/2022,11
26/07/2022,3
27/07/2022,1
28/07/2022,7
29/07/2022,1
1/08/2022,0
2/08/2022,3
3/08/2022,1
4/08/2022,5
5/08/2022,13
8/08/2022,2
9/08/2022,3
10/08/2022,7
11/08/2022,2
12/08/2022,1
15/08/2022,13
16/08/2022,0
17/08/2022,5
18/08/2022,7
19/08/2022,3
22/08/2022,3
23/08/2022,5
24/08/2022,0
25/08/2022,1
26/08/2022,3
29/08/2022,0
30/08/2022,2
31/08/2022,2
1/09/2022,0
2/09/2022,2
5/09/2022,0
6/09/2022,2
7/09/2022,13
8/09/2022,13
9/09/2022,1
12/09/2022,1
13/09/2022,3
14/09/2022,11
15/09/2022,3
16/09/2022,0
19/09/2022,13
20/09/2022,3
21/09/2022,9
22/09/2022,3
23/09/2022,3
26/09/2022,3
27/09/2022,2
28/09/2022,1
29/09/2022,3
30/09/2022,6
3/10/2022,1
4/10/2022,1
5/10/2022,4
6/10/2022,3
7/10/2022,3
10/10/2022,2
11/10/2022,11
12/10/2022,9
13/10/2022,13
14/10/2022,2
17/10/2022,1
18/10/2022,2
19/10/2022,5
20/10/2022,6
21/10/2022,13
24/10/2022,7
25/10/2022,13
26/10/2022,11
27/10/2022,2
28/10/2022,13
